{"RuleTriggered": 0, "Violations": 0, "Details": {"pin_memory": false, "num_workers": 0, "cores": 36, "dataloaders": 1, "dataloading_time": {"p25": 0.02336825, "p50": 0.0246665, "p95": 0.026203149999999998, "probs": [1, 0, 0, 0, 0, 0, 0, 0, 0, 0, 0, 0, 0, 0, 0, 0, 0, 0, 0, 0, 0, 0, 0, 0, 0, 0, 0, 0, 0, 0, 0, 0, 0, 0, 0, 0, 0, 0, 0, 0, 0, 0, 0, 0, 0, 0, 0, 0, 0, 0, 0, 0, 0, 0, 0, 0, 0, 0, 0, 0, 0, 0, 0, 0, 0, 0, 0, 0, 0, 0, 0, 0, 0, 0, 0, 0, 0, 0, 0, 0, 0, 0, 2, 0, 0, 0, 1, 0, 0, 1, 1, 1, 0, 0, 1, 1, 0, 0, 0, 1], "binedges": [0.006691, 0.00689023, 0.00708946, 0.00728869, 0.00748792, 0.00768715, 0.00788638, 0.00808561, 0.00828484, 0.00848407, 0.0086833, 0.00888253, 0.00908176, 0.00928099, 0.009480220000000001, 0.00967945, 0.00987868, 0.010077909999999999, 0.01027714, 0.01047637, 0.0106756, 0.01087483, 0.01107406, 0.01127329, 0.01147252, 0.01167175, 0.01187098, 0.01207021, 0.01226944, 0.012468670000000001, 0.0126679, 0.012867130000000001, 0.013066359999999999, 0.01326559, 0.013464819999999999, 0.01366405, 0.013863279999999999, 0.01406251, 0.01426174, 0.01446097, 0.014660199999999998, 0.01485943, 0.015058660000000001, 0.01525789, 0.015457120000000001, 0.01565635, 0.01585558, 0.01605481, 0.01625404, 0.01645327, 0.0166525, 0.01685173, 0.01705096, 0.01725019, 0.01744942, 0.01764865, 0.01784788, 0.01804711, 0.01824634, 0.01844557, 0.0186448, 0.01884403, 0.01904326, 0.01924249, 0.01944172, 0.01964095, 0.01984018, 0.02003941, 0.02023864, 0.02043787, 0.0206371, 0.02083633, 0.02103556, 0.02123479, 0.02143402, 0.02163325, 0.02183248, 0.02203171, 0.02223094, 0.02243017, 0.022629399999999997, 0.02282863, 0.02302786, 0.02322709, 0.02342632, 0.02362555, 0.02382478, 0.02402401, 0.02422324, 0.024422469999999998, 0.0246217, 0.024820929999999998, 0.02502016, 0.025219389999999998, 0.02541862, 0.025617849999999998, 0.02581708, 0.02601631, 0.02621554, 0.02641477, 0.026614]}}, "Datapoints": 10, "RuleParameters": "min_threshold:70\nmax_threshold:200"}