{"RuleTriggered": 0, "Violations": 0, "Details": {"step_num": {"first": 1623780731092073, "last": 1623782926626232}, "job_start": 1623780664.782168, "job_end": 1623782939.782579}, "Datapoints": 83, "RuleParameters": "threshold:20"}