{"RuleTriggered": 0, "Violations": 0, "Details": {"ratio": {"cpu_functions": 100.0}, "phase": {"Step:ModeKeys.GLOBAL": 94.65187569412832, "others": 5.348124305871679}, "phase_time": {}, "general": {"DataLoaderIterInitialize": 0.00788831820956695, "Forward": 99.98253880558742, "DataLoaderIter": 0.009572876203009862}, "CPU": {"dropout": 3.4315477040640334, "matmul": 10.225811669466658, "mm": 26.37651330622262, "NativeLayerNormBackward": 7.177104413092233, "native_layer_norm_backward": 7.175329139116647, "MmBackward": 17.522035058183967, "GeluBackward": 14.046024232235348, "gelu_backward": 14.045634477618496}, "CPU_total": {"dropout": 9711231, "matmul": 28938901, "mm": 74645156, "NativeLayerNormBackward": 20311103, "native_layer_norm_backward": 20306079, "MmBackward": 49587109, "GeluBackward": 39750048, "gelu_backward": 39748945}}, "Datapoints": 0, "RuleParameters": ""}